date,states,positive,negative,pending,hospitalizedCurrently,hospitalizedCumulative,inIcuCurrently,inIcuCumulative,onVentilatorCurrently,onVentilatorCumulative,recovered,dateChecked,death,antibodyNegative,antibodyPositive,antibodyTotal,deathConfirmed,deathProbable,pcrNegativeTests,pcrPositiveCases,pcrPositiveTests,pcrTotalTests,positiveConfirmed,totalTestsPeople,hospitalized,lastModified,total,totalTestResults,posNeg,deathIncrease,hospitalizedIncrease,negativeIncrease,positiveIncrease,totalTestResultsIncrease,hash
20200622,56,2297383,25262109,2028,28490,233099,5311,10002,2299,909,640198,2020-06-22T00:00:00Z,114034,717808,41627,1238754,96969,2915,4937366,2147569,385277,16033705,,16978788,233099,2020-06-22T00:00:00Z,27561520,27559492,27559492,285,824,446664,27928,474592,da7070867f3e41f31dd3bbd57f53ab2db1cddae2
20200621,56,2269455,24815445,2084,27718,232275,5155,9944,2321,904,622133,2020-06-21T00:00:00Z,113749,709577,41360,1227287,96720,2912,4867574,2122935,377992,15757224,,16713288,232275,2020-06-21T00:00:00Z,27086984,27084900,27084900,297,532,490882,27465,518347,2b8cf62bd1eb015207d280cb7a97e9c0fb87b170
20200620,56,2241990,24324563,2108,27757,231743,5220,9908,2380,888,617460,2020-06-20T00:00:00Z,113452,702053,41106,1212633,96519,2908,4796092,2099606,371817,15428136,,16042812,231743,2020-06-20T00:00:00Z,26568661,26566553,26566553,630,830,551615,32325,583940,fa3af90a3dfda7483d8dca8d6891dc7fdf222851
20200619,56,2209665,23772948,2032,28392,230913,5332,9876,2434,884,606715,2020-06-19T00:00:00Z,112822,659212,39456,1158163,96074,2898,4706251,2072708,361743,15079514,,15690521,230913,2020-06-19T00:00:00Z,25984645,25982613,25982613,648,1701,547338,31327,578665,19cdc6af8b1e089192a547e60648b991f64a52c9
20200618,56,2178338,23225610,1903,28185,229212,5458,9736,2520,869,599288,2020-06-18T00:00:00Z,112174,643325,38364,1129770,95545,2856,4616602,2045297,352857,14780309,,14680967,229212,2020-06-18T00:00:00Z,25405851,25403948,25403948,697,1118,438665,27406,466071,ffa953ea2f038a2f27844d9d07d90ff3802554c2
20200617,56,2150932,22786945,1745,28311,228094,5605,9665,2588,857,592191,2020-06-17T00:00:00Z,111477,637258,38033,1118404,95046,2825,4559249,2021839,346020,14509040,,14426356,228094,2020-06-17T00:00:00Z,24939622,24937877,24937877,782,1168,464685,23885,488570,45db32fbf9ac0d0def272685956354b32a3773cb
20200616,56,2127047,22322260,1604,28028,226926,5564,9590,2594,845,583503,2020-06-16T00:00:00Z,110695,632942,37803,1108339,94438,2814,4486786,2001434,340308,14228625,,14147681,226926,2020-06-16T00:00:00Z,24450911,24449307,24449307,713,1356,441217,23498,464715,195135b2fdf39bc490d47dbb0be3b547a1703e41
20200615,56,2103549,21881043,1619,27115,225570,5695,9516,2636,835,576334,2020-06-15T00:00:00Z,109982,629016,37539,1100135,93850,2800,4409610,1982161,333626,13059940,,13891345,225570,2020-06-15T00:00:00Z,23986211,23984592,23984592,375,509,430967,18521,449488,255bfbe8dbb7576c76df3ebe6ce18aac1f90c104
20200614,56,2085028,21450076,1672,27247,225061,5743,9466,2716,834,561816,2020-06-14T00:00:00Z,109607,623067,37170,1087531,93359,2796,4342741,1965081,329060,12820615,,13643443,225061,2020-06-14T00:00:00Z,23536776,23535104,23535104,358,641,463596,21486,485082,fe59a1f31779b2cbe971eaf2365ef399ec94a31c
20200613,56,2063542,20986480,1698,27902,224420,5878,9430,2726,830,556606,2020-06-13T00:00:00Z,109249,614756,36706,1071589,93108,2791,4246449,1948047,323040,12540209,,13383669,224420,2020-06-13T00:00:00Z,23051720,23050022,23050022,695,1139,483023,25344,508367,19b0b174d7be3fb443cc9e6e7a8c9d5d61dd641e
20200612,56,2038198,20503457,1783,28524,223281,6012,9373,2734,814,547386,2020-06-12T00:00:00Z,108554,607611,36219,1050759,92509,2782,4169383,1920996,316795,12276363,,13073162,223281,2020-06-12T00:00:00Z,22543438,22541655,22541655,775,1298,571643,23318,594961,47923590d55ee2cf88ab7c8dedccee024cd9e8f5
20200611,56,2014880,19931814,1816,29064,221983,6067,9295,2886,792,540292,2020-06-11T00:00:00Z,107779,573951,35316,1008398,91925,2752,3540246,1900910,278760,11398487,,15805073,221983,2020-06-11T00:00:00Z,21948510,21946694,21946694,912,1381,426097,22023,448120,7c581d034d8d0f58930e03c23cc3610319d93431
20200610,56,1992857,19505717,1737,30203,220602,6242,9225,3020,780,533504,2020-06-10T00:00:00Z,106867,541268,33593,963595,89711,2643,3496690,1852393,276235,11167396,,15467737,220602,2020-06-10T00:00:00Z,21500311,21498574,21498574,878,1513,401955,20749,422704,7329bba9dcbf127a10e18deb5da9568e5bd81c3f
20200609,56,1972108,19103762,1661,30547,219089,6450,9141,3090,771,524855,2020-06-09T00:00:00Z,105989,535826,33190,954226,89059,2609,3448405,1836300,272852,10973092,,15167771,219089,2020-06-09T00:00:00Z,21077531,21075870,21075870,902,1508,398716,17166,415882,8712cd39144e638cea9982b6ba1343184fb71b12
20200608,56,1954942,18705046,1606,29969,217581,6394,9013,3240,762,518522,2020-06-08T00:00:00Z,105087,482290,30601,899082,88340,2604,3380266,1814333,269599,10756045,,14864853,217581,2020-06-08T00:00:00Z,20661594,20659988,20659988,655,675,382742,17123,399865,fd8af67f74867d9810b2f3436cda1060f9b4f13c
20200607,56,1937819,18322304,1733,30299,216906,6493,8957,3298,753,506367,2020-06-07T00:00:00Z,104432,478244,30325,889492,87918,2418,3324149,1799727,266706,10548699,,14537301,216906,2020-06-07T00:00:00Z,20261856,20260123,20260123,460,647,426169,19307,445476,7ede7b6a029486c82cd74fbd301894ff4daee392
20200606,56,1918512,17896135,1796,30909,216259,6754,8920,3476,750,500849,2020-06-06T00:00:00Z,103972,375397,29781,873094,87559,2414,3247935,1782992,262473,9300496,,14226392,216259,2020-06-06T00:00:00Z,19816443,19814647,19814647,717,1007,455349,22355,477704,a2831b36a902d02ae27f9bb7854205727120e54c
20200605,56,1896157,17440786,1749,31335,215252,6912,8863,3523,740,491706,2020-06-05T00:00:00Z,103255,368918,29028,850921,87026,2410,3534060,1737257,282160,9042957,,13889155,215252,2020-06-05T00:00:00Z,19338692,19336943,19336943,848,1440,481203,22990,504193,ceaa0ffc536b3cfe768a974864e0b5e3f8a68d1a
20200604,56,1873167,16959583,3474,31659,213812,7054,8787,3665,723,485002,2020-06-04T00:00:00Z,102407,361578,28443,822284,86370,2403,3391794,1617417,276772,9731182,,13531554,213812,2020-06-04T00:00:00Z,18836224,18832750,18832750,876,-2828,439938,20566,460504,480f784d64750ee26d5a62b59463f921de8f1603
20200603,56,1852601,16519645,3556,32081,216640,7224,8688,3749,717,479258,2020-06-03T00:00:00Z,101531,352808,27400,804162,85711,2390,3315718,1601666,272854,9491118,,13191698,216640,2020-06-03T00:00:00Z,18375802,18372246,18372246,960,2258,447631,20189,467820,3547ea954dec0b1152c78efe91fb4d38f8b2e0cf
20200602,56,1832412,16072014,4054,32728,214382,7403,8566,3852,710,463868,2020-06-02T00:00:00Z,100571,347236,27033,792077,85082,2379,3230096,1585369,267059,9231394,,11883179,214382,2020-06-02T00:00:00Z,17908480,17904426,17904426,969,1549,400513,19940,420453,ea3fb6d6106b4679fe39281765129a889849222c
20200601,56,1812472,15671501,3455,33160,212833,7588,8485,3950,704,458231,2020-06-01T00:00:00Z,99602,340966,21283,697677,83568,2382,2745522,1571108,222146,9034167,,12595309,212833,2020-06-01T00:00:00Z,17487428,17483973,17483973,675,2750,393682,20251,413933,a85ef252168b1072f168150d351698a529fd8b3d
20200531,56,1792221,15277819,3270,33840,210083,7623,8445,3669,704,444758,2020-05-31T00:00:00Z,98927,220261,15514,566986,80039,1371,2667304,1558603,219120,8798095,,12223414,210083,2020-05-31T00:00:00Z,17073310,17070040,17070040,655,949,377751,21566,399317,98fb511b778686c188161712b9216abb65c4849c
20200530,56,1770655,14900068,1668,34650,209134,7956,8305,4004,698,416461,2020-05-30T00:00:00Z,98272,210760,15041,547291,79569,1351,2640436,1541301,222279,8614755,,10310728,209134,2020-05-30T00:00:00Z,16672391,16670723,16670723,937,1440,404097,23712,427809,136f1a815eb5d52f17d72bae1227e49e01f0ee49
20200529,56,1746943,14495971,2978,35871,207694,8175,8235,4032,689,406446,2020-05-29T00:00:00Z,97335,203848,14596,530670,78897,1343,2560942,1519684,213536,8353312,,9919782,207694,2020-05-29T00:00:00Z,16245892,16242914,16242914,1178,1720,468999,23365,492364,5980aceca5859a55ba09e6e002f2e7bb0717b525
20200528,56,1723578,14026972,1906,36967,205974,8389,8109,4080,676,399991,2020-05-28T00:00:00Z,96157,189281,13777,505992,78049,1330,2506020,1502182,210462,7834952,,9722905,205974,2020-05-28T00:00:00Z,15752456,15750550,15750550,1272,2396,397332,22467,419799,b75fb8b91a34fc8b9cda35b58675851f9ef0cbe5
20200527,56,1701111,13629640,3132,37251,203578,8547,8015,4222,666,391508,2020-05-27T00:00:00Z,94885,184767,13562,497506,77097,1274,2471945,1483546,208798,7650747,,9465369,203578,2020-05-27T00:00:00Z,15333883,15330751,15330751,1271,1706,288310,19300,307610,42cb32a80f1d060e040b442eff3eb28fe15bd36b
20200526,56,1681811,13341330,1549,36609,201872,8585,7899,4215,650,384902,2020-05-26T00:00:00Z,93614,179499,13188,393877,76188,1247,2403365,1468132,206109,7529581,,9281145,201872,2020-05-26T00:00:00Z,15024690,15023141,15023141,635,17302,291081,16571,307652,99b5dd3b91a3a013cb74ab983f76c717ad14f09e
20200525,56,1665240,13050249,3368,36668,184570,8472,7847,4237,642,379157,2020-05-25T00:00:00Z,92979,174988,12843,384088,75669,1229,2357203,1455989,203822,7279658,,9106052,184570,2020-05-25T00:00:00Z,14718857,14715489,14715489,562,967,402999,18669,421668,a0f99af3873e249bab2da384a7f22bcd833885b2
20200524,56,1646571,12647250,3860,36706,183603,8487,7801,4383,639,366736,2020-05-24T00:00:00Z,92417,163485,12301,364486,75242,1232,2297416,1548710,202349,6056276,,9845606,183603,2020-05-24T00:00:00Z,14297681,14293821,14293821,678,894,363042,20101,383143,f26aa4bf5f2de24930a55976e99e9c6c2f97a983
20200523,56,1626470,12284208,4084,37873,182709,8812,7770,4620,638,361239,2020-05-23T00:00:00Z,91739,146914,13174,340575,74719,1228,2260030,1530287,212389,5892106,,9613610,182709,2020-05-23T00:00:00Z,13914762,13910678,13910678,1048,1388,369953,21653,391606,c666a38e28610ece271befcd521479168263847b
20200522,56,1604817,11914255,3709,38802,181321,9048,7689,4716,633,350135,2020-05-22T00:00:00Z,90691,128838,11156,245186,73981,1181,2128833,1446682,196378,5635602,,9391945,181321,2020-05-22T00:00:00Z,13522781,13519072,13519072,1287,4037,387803,24452,412255,ca2fdb61a772875730013a38d73c0ca5232343c5
20200521,56,1580365,11526452,3641,39915,177284,9090,7412,4868,616,298418,2020-05-21T00:00:00Z,89404,123134,9566,233116,73034,1181,1955463,1476657,180687,5345588,,10004872,177284,2020-05-21T00:00:00Z,13110458,13106817,13106817,1403,4619,396647,26490,423137,bffbbca3a2e315fbdf2568d1117ba1646d79a6a4
20200520,56,1553875,11129805,2973,40884,172665,9829,7319,4911,613,294312,2020-05-20T00:00:00Z,88001,61119,7125,208438,72133,1090,1875216,1454086,177073,5169620,,9700132,172665,2020-05-20T00:00:00Z,12686653,12683680,12683680,1387,2006,388829,21469,410298,b576aa12f8114982a64c6dd808f85a074860d1f3
20200519,56,1532406,10740976,2944,41091,170659,9829,7217,5032,606,289484,2020-05-19T00:00:00Z,86614,57731,6831,196393,71021,1062,1742305,1433003,172489,4957188,,9406393,170659,2020-05-19T00:00:00Z,12276326,12273382,12273382,1298,1583,381588,20731,402319,a61d00abc1edff6b174d654ac8c1033d40149804
20200518,56,1511675,10359388,3596,40869,169076,9987,7064,5257,602,283178,2020-05-18T00:00:00Z,85316,44928,4920,176798,70017,1047,1622700,1416100,168304,4731928,,9115382,169076,2020-05-18T00:00:00Z,11874659,11871063,11871063,859,1121,336342,20915,357257,642e81d405cf86a528989836e715241cffa2e873
20200517,56,1490760,10023046,3449,41108,167955,10164,7003,5467,593,272265,2020-05-17T00:00:00Z,84457,41736,4719,164937,69427,969,1598976,1378656,166963,5962538,,6673844,167955,2020-05-17T00:00:00Z,11517255,11513806,11513806,882,1185,353237,20256,373493,2a3b860b00826f546c58d4322d4be1da81d4a46b
20200516,56,1470504,9669809,3788,42896,166770,10509,6945,5529,592,268376,2020-05-16T00:00:00Z,83575,37880,4435,152759,68767,943,898807,1359720,104672,3639519,,8559688,166770,2020-05-16T00:00:00Z,11144101,11140313,11140313,1266,1873,339158,24627,363785,df8028d7e0755bfdb0507c52072a917b94272238
20200515,56,1445877,9330651,2457,42854,164897,10704,6890,5746,589,250747,2020-05-15T00:00:00Z,82309,33850,4164,136248,67833,908,874891,1336332,103282,3498639,,8300588,164897,2020-05-15T00:00:00Z,10778985,10776528,10776528,1498,1305,336204,24599,360803,ffeb654d8dd50676daaf4a29bcae6d01a4a8b96c
20200514,56,1421278,8994447,2673,44075,163592,10888,6795,5940,582,246414,2020-05-14T00:00:00Z,80811,28411,3714,107281,66649,714,828213,1409044,101027,3389954,,7785391,163592,2020-05-14T00:00:00Z,10418398,10415725,10415725,1878,3200,340050,26601,366651,78ffa7483685b1d9371f1e4c197234f0f74b79b1
20200513,56,1394677,8654397,1983,44514,160392,10978,6713,6156,572,243430,2020-05-13T00:00:00Z,78933,26466,3537,96875,65497,673,798371,1289227,99148,3291114,,7484318,160392,2020-05-13T00:00:00Z,10051057,10049074,10049074,1691,1796,300290,21182,321472,1639c8348c237e29dfba4e6118296c409afbfa7f
20200512,56,1373495,8354107,1803,45199,158596,11241,5595,6352,559,238857,2020-05-12T00:00:00Z,77242,26021,3482,63897,64207,522,765489,1267757,97480,2563864,,1345794,158596,2020-05-12T00:00:00Z,9729405,9727602,9727602,1475,1564,287545,22587,310132,ba06512e4e1939455aca7b3580f7bb60f5e4043e
20200511,56,1350908,8066562,1989,44191,157032,11147,6488,6350,551,232142,2020-05-11T00:00:00Z,75767,24248,3295,59540,9374,318,734314,1248851,96192,2462436,,1013175,157032,2020-05-11T00:00:00Z,9419459,9417470,9417470,872,1206,365804,18199,384003,514186e742778f02a482b0c051a7a987330e189f
20200510,56,1332709,7700758,3095,44943,155826,11393,6445,6395,547,215591,2020-05-10T00:00:00Z,74895,21922,3089,50637,9196,315,715610,1231785,95138,2376647,,887386,155826,2020-05-10T00:00:00Z,9036562,9033467,9033467,1016,1034,246422,21584,268006,e6b85b72564463c0fbf1f42c740ae84eaed6f751
20200509,56,1311125,7454336,3054,46637,154792,11496,6367,6551,543,211976,2020-05-09T00:00:00Z,73879,5215,1366,27991,10999,310,702091,1220935,94407,2289534,,875020,154792,2020-05-09T00:00:00Z,8768515,8765461,8765461,1440,1704,267121,24708,291829,aa08790f360997284bcb3aef63d0aba541867700
20200508,56,1286417,7187215,3307,47718,153088,11780,6294,6788,531,198459,2020-05-08T00:00:00Z,72439,4640,1329,23040,10797,297,679485,1197903,93204,2110110,,853214,153088,2020-05-08T00:00:00Z,8476939,8473632,8473632,1778,6867,272389,27584,299973,551ca8725396f9daa08d4db49ca4d8a78aa63741
20200507,56,1258833,6914826,3171,49130,146221,12137,5174,7070,529,194528,2020-05-07T00:00:00Z,70661,4058,1189,18296,10537,291,655005,1173847,91791,2014465,,827820,146221,2020-05-07T00:00:00Z,8176830,8173659,8173659,2733,3713,276163,27500,303663,e521155a725fd5bad02fe8f67442225f3904e455
20200506,56,1231333,6638663,2742,50227,142508,9380,4911,4753,449,189425,2020-05-06T00:00:00Z,67928,3498,1106,3057,10404,285,629421,1145449,90102,1936968,,793068,142508,2020-05-06T00:00:00Z,7872738,7869996,7869996,1930,2100,222433,24950,247383,6c36f77f4917ad07ac52f5f3848d3c10336749a0
20200505,56,1206383,6416230,2633,50906,140408,9348,4794,4818,439,189336,2020-05-05T00:00:00Z,65998,2906,1061,3050,10173,282,615353,1124957,88853,1871493,,775810,140408,2020-05-05T00:00:00Z,7625246,7622613,7622613,2438,1966,250556,22398,272954,44cada706d8c25750bdf52a91123ce7518f8c9fa
20200504,56,1183985,6165674,2791,50062,138442,9366,4579,4848,430,186752,2020-05-04T00:00:00Z,63560,2835,977,2972,9999,277,586345,1104384,87193,1782558,,752830,138442,2020-05-04T00:00:00Z,7352450,7349659,7349659,1009,1614,210881,22361,233242,536944277387e2abde25b07c5a519c31520009ff
20200503,56,1161624,5954793,2812,50312,136828,9292,4502,4761,425,179733,2020-05-03T00:00:00Z,62551,2337,925,2443,11856,275,570934,1081256,86086,1719558,,730042,136828,2020-05-03T00:00:00Z,7119229,7116417,7116417,1210,1916,210968,25769,236737,8b39ea6f0c1f56f4cc1f1dab55af33513fd13540
20200502,56,1135855,5743825,1578,51734,134912,9403,4386,4845,375,174987,2020-05-02T00:00:00Z,61341,1913,867,1997,11284,268,558701,1062070,85111,1609386,,713089,134912,2020-05-02T00:00:00Z,6881258,6879680,6879680,1544,2120,219999,29298,249297,46720d1027070f89af07c2af37aa83d539a7d21e
20200501,56,1106557,5523826,1639,52370,132792,9205,4300,4707,376,163644,2020-05-01T00:00:00Z,59797,1453,681,1524,11000,265,538568,1027015,83612,1591717,,700474,132792,2020-05-01T00:00:00Z,6632022,6630383,6630383,1746,9774,264525,33043,297568,b7861c1ef53a4b77cf4721d2b4bb9ab0268dc104
20200430,56,1073514,5259301,2775,53793,123018,9486,4192,4712,373,154648,2020-04-30T00:00:00Z,58051,988,638,1043,10780,261,514558,666341,81656,1450479,,675414,123018,2020-04-30T00:00:00Z,6335590,6332815,6332815,2114,2275,205862,29581,235443,9dfd6c55395b25e6aeb4f7e5d6586502f0e04076
20200429,56,1043933,5053439,4832,54930,120743,9612,4093,4796,365,147165,2020-04-29T00:00:00Z,55937,640,566,678,10442,257,518608,638295,80315,1388867,,650100,120743,2020-04-29T00:00:00Z,6102204,6097372,6097372,2692,3391,213762,27140,240902,d68abefcc5fea8489d599a892cf7c0e007df367a
20200428,56,1016793,4839677,4206,54940,117352,9491,3798,4760,195,139041,2020-04-28T00:00:00Z,53245,631,35,667,9465,255,404969,153807,73696,1166598,,622975,117352,2020-04-28T00:00:00Z,5860676,5856470,5856470,2050,2071,182791,25078,207869,5759dbb7546355c5f7272fb808a36d5473159d99
20200427,56,991715,4656886,4077,54971,115281,9655,3720,4867,195,121323,2020-04-27T00:00:00Z,51195,611,35,647,9113,246,389354,146129,72197,1114260,,606625,115281,2020-04-27T00:00:00Z,5652678,5648601,5648601,1219,3034,176018,22016,198034,ddf3b8c1a75492f4dd4ceabac56c21695ee0c099
20200426,56,969699,4480868,4445,55050,112247,14831,2571,5121,227,116529,2020-04-26T00:00:00Z,49976,451,31,483,7189,241,374728,142572,70832,1069938,,591001,112247,2020-04-26T00:00:00Z,5455012,5450567,5450567,1179,2163,179205,27387,206592,74e4792042d4fff4a1ff1951a2fcacdf7837347a
20200425,56,942312,4301663,5315,56344,110084,15020,2516,5266,227,112539,2020-04-25T00:00:00Z,48797,244,22,267,6568,232,365163,138958,69836,1031530,,573802,110084,2020-04-25T00:00:00Z,5249290,5243975,5243975,1712,2448,242108,36001,278109,9d412336c1db1eec76887b869e0c27caa5485ed8
20200424,56,906311,4059555,4396,56075,107636,15078,2468,5187,227,101296,2020-04-24T00:00:00Z,47085,109,17,127,6137,228,353443,134843,68570,990392,,538617,107636,2020-04-24T00:00:00Z,4970262,4965866,4965866,1859,3268,202921,34149,237070,16c986e14d6334887579d1174e0b023ec9056501
20200423,56,872162,3856634,4258,57889,104368,15163,2428,5464,227,96921,2020-04-23T00:00:00Z,45226,47,12,60,5895,222,336048,121605,66902,954643,,514387,104368,2020-04-23T00:00:00Z,4733054,4728796,4728796,1761,2758,162597,31749,194346,6e1f83692f27e7e696bc608f86d00a283f6800de
20200422,56,840413,3694037,4191,58130,101610,15341,2370,5474,227,92978,2020-04-22T00:00:00Z,43465,21,6,28,5706,215,320187,117779,65009,913052,,491442,101610,2020-04-22T00:00:00Z,4538641,4534450,4534450,2060,3043,295620,28872,324492,faac96ad4dc1b9c3841808f42e2c4824791398b6
20200421,56,811541,3398417,3956,58579,98567,15228,2315,5514,214,72842,2020-04-21T00:00:00Z,41405,21,6,28,5464,211,305862,89963,63066,725980,,475685,98567,2020-04-21T00:00:00Z,4213914,4209958,4209958,2426,2652,127582,26278,153860,eb6be063a791b6a9a847165c2a9e200c3ce55b6f
20200420,56,785263,3270835,4037,55677,95915,14691,2193,5567,214,69493,2020-04-20T00:00:00Z,38979,19,5,25,5158,208,293865,77969,61315,700221,,459167,95915,2020-04-20T00:00:00Z,4060135,4056098,4056098,1756,2144,120683,25811,146494,d411313ab9366821a4ca55f36bfe705065784fd9
20200419,56,759452,3150152,11324,55570,93771,14548,2145,5603,214,67205,2020-04-19T00:00:00Z,37223,9,2,11,4750,194,284643,74548,59918,677872,,443655,93771,2020-04-19T00:00:00Z,3920928,3909604,3909604,1735,2193,126300,27387,153687,d7adb0d69d5598e7c0e7dba34c64c76f2ddaa36c
20200418,56,732065,3023852,9906,56591,91578,14788,2096,5729,205,62840,2020-04-18T00:00:00Z,35488,7,1,8,4496,184,278352,71622,58983,641389,,428584,91578,2020-04-18T00:00:00Z,3765823,3755917,3755917,1830,3511,118250,27962,146212,13ea0e607d9cfe0cdbf7b29e6b94274edf9e82fc
20200417,56,704103,2905602,10889,57808,88067,14910,2052,6096,148,53533,2020-04-17T00:00:00Z,33658,3,0,3,4269,177,270614,69068,57533,620069,,414442,88067,2020-04-17T00:00:00Z,3620594,3609705,3609705,2081,3374,127575,31979,159554,565d10a9daff9eb96f35eb8ea3ea9b913a5140d0
20200416,56,672124,2778027,16927,58625,84693,15150,1834,5940,137,48851,2020-04-16T00:00:00Z,31577,3,0,3,4043,168,259722,66689,55872,598578,,400183,84693,2020-04-16T00:00:00Z,3467078,3450151,3450151,2142,3026,132640,30813,163453,94b131aa190af21c6fcc72c94286b41d1bb3e3e1
20200415,56,641311,2645387,16901,59260,81667,14667,1783,6032,223,43435,2020-04-15T00:00:00Z,29435,3,0,3,3817,163,249310,64251,54100,552513,,383620,81667,2020-04-15T00:00:00Z,3303599,3286698,3286698,2486,4392,107828,30224,138052,e084e20a094cdb82484f41568fff4d3d1f0c5971
20200414,56,611087,2537559,16615,58719,77275,14039,1715,5975,221,39268,2020-04-14T00:00:00Z,26949,3,0,3,3313,156,240375,52582,52056,525591,,372311,77275,2020-04-14T00:00:00Z,3165261,3148646,3148646,2284,3233,126527,25600,152127,690b753c0745bd5f041b43fb4246eaef14d6a874
20200413,56,585487,2411032,17159,55295,74042,13632,1628,6168,210,35372,2020-04-13T00:00:00Z,24665,3,0,3,3038,146,232081,51210,50273,501012,,352287,74042,2020-04-13T00:00:00Z,3013678,2996519,2996519,1566,4237,108181,25224,133405,d76a5742212f37b60b43b25d13b48dae3f122038
20200412,56,560263,2302851,16419,54749,69805,13623,1455,5986,160,34081,2020-04-12T00:00:00Z,23099,2,0,2,2863,131,224897,49690,48720,490964,,335079,69805,2020-04-12T00:00:00Z,2879533,2863114,2863114,1632,3251,111455,27854,139309,7dc18ed76dc12c8a1d4a3a6f382b92942c670422
20200411,56,532409,2191396,16593,54757,66554,13280,1405,5978,154,31567,2020-04-11T00:00:00Z,21467,2,0,2,2628,115,219398,48204,47417,462122,,324748,66554,2020-04-11T00:00:00Z,2740398,2723805,2723805,1996,2783,108277,30603,138880,7ac59de43da6c41af8abf042f26f49041c378dd8
20200410,56,501806,2083119,17435,51745,63771,12698,1185,5937,41,28997,2020-04-10T00:00:00Z,19471,2,0,2,2411,106,213073,47001,45936,437073,,313636,63771,2020-04-10T00:00:00Z,2602360,2584925,2584925,2049,4889,123273,34194,157467,eb8c631b3af001ec8ba47a886be5eaccddc7c16a
20200409,56,467612,1959846,17622,49826,58882,12254,924,5794,39,24819,2020-04-09T00:00:00Z,17422,2,0,2,2197,99,203895,45644,43961,420710,,297516,58882,2020-04-09T00:00:00Z,2445080,2427458,2427458,1977,3879,135291,34382,169673,a892a3d8395413dc465993effc862f953c83876f
20200408,56,433230,1824555,17219,44063,55003,9932,1013,4131,216,21102,2020-04-08T00:00:00Z,15445,2,0,2,1980,88,194625,43969,41824,386854,,283656,55003,2020-04-08T00:00:00Z,2275004,2257785,2257785,1943,4258,116992,30442,147434,d4b84498cffe213e1d5cdc3ba5c4188ef74d47e8
20200407,56,402788,1707563,16548,42294,50745,9875,889,4076,151,18443,2020-04-07T00:00:00Z,13502,2,0,2,1786,80,184912,42352,39940,358499,,266200,50745,2020-04-07T00:00:00Z,2126899,2110351,2110351,1954,2947,123711,30562,154273,46ac8bf6b0b33f0ef7303e6df7fa7fc62c7b8ffe
20200406,56,372226,1583852,17283,34663,47798,6943,814,2961,147,16554,2020-04-06T00:00:00Z,11548,2,0,2,1593,73,176215,40713,37646,333837,,252515,47798,2020-04-06T00:00:00Z,1973361,1956078,1956078,1246,2887,122648,28836,151484,d2570a6e9153156b5f9470cf6080c89db91ec49e
20200405,56,343390,1461204,17303,30905,44911,5677,760,652,147,14513,2020-04-05T00:00:00Z,10302,1,0,1,1409,65,167401,38878,34988,315533,,234491,44911,2020-04-05T00:00:00Z,1821897,1804594,1804594,1277,3854,93716,25471,119187,df26d34e27e1542599a3f7ccacff2a80d45aada3
20200404,56,317919,1367488,15569,29095,41057,5383,554,656,147,12816,2020-04-04T00:00:00Z,9025,,,,1222,52,160942,37076,32668,300991,,221140,41057,2020-04-04T00:00:00Z,1700976,1685407,1685407,1432,5042,196056,33196,229252,0319f85cdea033b9dc2428ecdaa7a7ae9b11bb62
20200403,56,284723,1171432,61976,24564,36015,4811,486,605,147,10861,2020-04-03T00:00:00Z,7593,,,,1098,44,152521,35568,29197,207187,,205141,36015,2020-04-03T00:00:00Z,1518131,1456155,1456155,1257,4503,100677,31852,132529,a847b596b359cde0d968907daf82a80dca141235
20200402,56,252871,1070755,62097,21833,31512,4410,456,574,140,8586,2020-04-02T00:00:00Z,6336,,,,966,40,142444,33908,26125,189316,,184416,31512,2020-04-02T00:00:00Z,1385723,1323626,1323626,1153,4141,91013,27980,118993,8e25b6359b3ece4d91cc228e864a12af9de9528d
20200401,56,224891,979742,59665,19982,27371,3937,407,561,140,7084,2020-04-01T00:00:00Z,5183,,,,842,37,132282,32058,23008,170512,,169921,27371,2020-04-01T00:00:00Z,1264298,1204633,1204633,989,4180,82445,25711,108156,5e103bf2d7dbb7f5cb3f4d018e9a56133d5d4a91
20200331,56,199180,897297,59518,17856,23191,3487,236,507,,5666,2020-03-31T00:00:00Z,4194,,,,704,34,122008,30181,19680,152326,,155562,23191,2020-03-31T00:00:00Z,1155995,1096477,1096477,861,3850,87650,24671,112321,97c7f629106210962a789bff5cca119caaa56ca0
20200330,56,174509,809647,65369,15574,19341,3087,187,451,,4560,2020-03-30T00:00:00Z,3333,,,,571,30,113929,28082,17261,135645,,143982,19341,2020-03-30T00:00:00Z,1049525,984156,984156,573,2485,96728,21887,118615,3c99a5a94ead6ecf239f8f58a52c3d97d366a689
20200329,56,152622,712919,65545,13833,16856,2456,156,439,,4052,2020-03-29T00:00:00Z,2760,,,,443,26,102415,26140,14489,120937,,127976,16856,2020-03-29T00:00:00Z,931086,865541,865541,519,2734,67946,19585,87531,01ac31f11aacddc509e6d43f9ed4406b324c35f2
20200328,56,133037,644973,65709,12179,14122,2174,140,390,,3143,2020-03-28T00:00:00Z,2241,,,,353,19,97463,24037,13077,105955,,120113,14122,2020-03-28T00:00:00Z,843719,778010,778010,512,2382,87144,19678,106822,3ddfdd5fb5e782496d778a2e375feea99d35db5e
20200327,56,113359,557829,60091,10789,11740,1792,124,324,,2418,2020-03-27T00:00:00Z,1729,,,,279,15,91234,22553,11506,76172,,109388,11740,2020-03-27T00:00:00Z,731279,671188,671188,396,2523,84451,19024,103475,69c222d3cf15019a10f4ce7aa084b30b96b9c1bd
20200326,56,94335,473378,60251,7617,9217,1299,91,258,,97,2020-03-26T00:00:00Z,1333,,,,208,10,82714,20866,9700,59925,,98413,9217,2020-03-26T00:00:00Z,627964,567713,567713,311,2460,83989,17629,101618,b2ca87483ce6c479a7bf9cebeb1414e0f3c5c652
20200325,56,76706,389389,51235,4971,6757,,74,167,,146,2020-03-25T00:00:00Z,1022,,,,157,8,73934,19037,8126,110947,,24011,6757,2020-03-25T00:00:00Z,517330,466095,466095,233,1859,71405,12838,84243,a0869a5fc773aa3f940c74ad42514317c6a26624
20200324,56,63868,317984,14433,3828,4898,,,,,,2020-03-24T00:00:00Z,789,,,,109,7,65886,17367,6934,97493,,18704,4898,2020-03-24T00:00:00Z,396285,381852,381852,225,1150,58344,10612,68956,dad615e1dd58e6b6c231a94aa46092493cdf8395
20200323,56,53256,259640,14571,2770,3748,,,,,,2020-03-23T00:00:00Z,564,,,,83,3,59301,15734,5883,87457,,9210,3748,2020-03-23T00:00:00Z,327467,312896,312896,98,870,46752,11440,58192,00b91ee720786699df02749d4f063b699961b2ae
20200322,56,41816,212888,2842,2155,2878,,,,,,2020-03-22T00:00:00Z,466,,,,58,3,52673,14126,4940,77098,,7345,2878,2020-03-22T00:00:00Z,257546,254704,254704,141,986,36022,9244,45266,956b5af7058167a5281a141bf943d964d7d23028
20200321,56,32572,176866,3468,1436,1892,,,,,,2020-03-21T00:00:00Z,325,,,,36,3,49186,12528,4334,71143,,3809,1892,2020-03-21T00:00:00Z,212906,209438,209438,60,1892,38391,6877,45268,9786c32d6f6c67c80fa2148662951cfd9c6fa0dd
20200320,56,25695,138475,3330,1042,,,,,,,2020-03-20T00:00:00Z,265,,,,23,2,44937,11377,3753,64153,,2921,,2020-03-20T00:00:00Z,167500,164170,164170,68,0,30367,6240,36607,23ae54ee513886edb6c0adb2c997e84470d5c051
20200319,56,19455,108108,3016,617,,,,,,,2020-03-19T00:00:00Z,197,,,,13,1,39446,10136,3128,55244,,2085,,2020-03-19T00:00:00Z,130579,127563,127563,45,0,23277,4660,27937,ab7e9a81085c559b0e44587404ea66177e2a47ec
20200318,56,14795,84831,2526,416,,,,,,,2020-03-18T00:00:00Z,152,,,,11,1,34020,8841,2580,47757,,1509,,2020-03-18T00:00:00Z,102152,99626,99626,30,0,21921,3166,25087,41d823b9e5c83f5842d1727389b76d508a6b4ce9
20200317,56,11629,62910,1687,325,,,,,,,2020-03-17T00:00:00Z,122,,,,4,1,28559,7712,2107,40129,,1156,,2020-03-17T00:00:00Z,76226,74539,74539,22,0,13554,743,14297,cd28292252f72603b69d54028851b416f7a8c71c
20200316,56,10886,49356,1691,,,,,,,,2020-03-16T00:00:00Z,100,,,,2,1,23389,9385,1683,34067,,876,,2020-03-16T00:00:00Z,61933,60242,60242,22,0,16491,2248,18739,321f0e0be5daafbd8fe3b0f2db98def8ddb21259
20200315,51,8638,32865,2242,,,,,,,,2020-03-15T00:00:00Z,78,,,,1,1,18561,7546,1357,21683,,2713,,2020-03-15T00:00:00Z,43745,41503,41503,14,0,6385,1708,8093,fe2387f354a42f357f6be0fdef7497950df85c96
20200314,51,6930,26480,1236,,,,,,,,2020-03-14T00:00:00Z,64,,,,0,1,16900,6113,1222,19810,,2080,,2020-03-14T00:00:00Z,34646,33410,33410,9,0,3657,1284,4941,0def12b36c7b4f263c6476ce57335bce4951053d
20200313,51,5646,22823,1130,,,,,,,,2020-03-13T00:00:00Z,55,,,,0,1,14678,5026,1056,17188,,1612,,2020-03-13T00:00:00Z,29599,28469,28469,4,0,8088,1382,9470,8fe43db09e0b8e4308df5249ba374740494f18e8
20200312,51,4264,14735,673,,,,,,,,2020-03-12T00:00:00Z,51,,,,0,1,10632,4000,825,12836,,238,,2020-03-12T00:00:00Z,19672,18999,18999,8,0,4596,949,5545,09dab5d6a63b786eeb1bf30cac4b56246a987da4
20200311,50,3315,10139,563,,,,,,,,2020-03-11T00:00:00Z,43,,,,0,0,7025,3117,633,8934,,182,,2020-03-11T00:00:00Z,14017,13454,13454,6,0,3290,724,4014,9ebb72ff8dd518a9e11958dfb61a5d116a751118
20200310,50,2591,6849,469,,,,,,,,2020-03-10T00:00:00Z,37,,,,0,0,4880,2436,499,6340,,127,,2020-03-10T00:00:00Z,9909,9440,9440,2,0,1988,592,2580,2040b9a70d7a56e376437f74eabca6304cc12852
20200309,50,1999,4861,313,,,,,,,,2020-03-09T00:00:00Z,35,,,,0,0,3201,1865,386,4516,,94,,2020-03-09T00:00:00Z,7173,6860,6860,4,0,1400,488,1888,0196d65ced7316fc6afd1db1811eb78e04121f98
20200308,50,1511,3461,347,,,,,,,,2020-03-08T00:00:00Z,31,,,,0,0,2233,1412,325,3205,,68,,2020-03-08T00:00:00Z,5319,4972,4972,4,0,719,205,924,3f7ca2d2dd38a6e5437d7d4905f8f959572489ed
20200307,50,1306,2742,602,,,,,,,,2020-03-07T00:00:00Z,27,,,,0,0,1764,1263,263,2652,,28,,2020-03-07T00:00:00Z,4650,4048,4048,1,0,496,335,831,ddff6e40339c9f47783a54426f38aeedd0f95aa5
20200306,36,971,2246,458,,,,,,,,2020-03-06T00:00:00Z,26,,,,0,0,1381,1041,219,2168,,22,,2020-03-06T00:00:00Z,3675,3217,3217,6,0,607,337,944,99c8652653bcdbe2c6e0359176f7e3a83275e1fd
20200305,24,634,1639,197,,,,,,,,2020-03-05T00:00:00Z,20,,,,0,0,945,556,180,1672,,7,,2020-03-05T00:00:00Z,2470,2273,2273,4,0,467,140,607,c4146e52a02874b74dc2d3d601e4dddaea74c568
20200304,15,494,1172,103,,,,,,,,2020-03-04T00:00:00Z,16,,,,0,0,635,466,129,1310,,,,2020-03-04T00:00:00Z,1769,1666,1666,2,0,904,200,1104,c8f1c96f273d4970b9d306b795e85a396ed37c8f
20200303,3,294,268,,,,,,,,,2020-03-03T00:00:00Z,14,,,,,0,429,308,91,520,,,,2020-03-03T00:00:00Z,562,562,562,3,0,146,101,247,621d7485282cc67a2501e0b73b433f499d2d2dc0
20200302,3,193,122,,,,,,,,,2020-03-02T00:00:00Z,11,,,,,0,230,201,66,296,,,,2020-03-02T00:00:00Z,315,315,315,3,0,108,81,189,1a799341fd24fe049c15cc34228f237f69101fcc
20200301,3,112,14,,,,,,,,,2020-03-01T00:00:00Z,8,,,,0,0,81,116,35,116,,,,2020-03-01T00:00:00Z,126,126,126,3,0,-3,88,85,27014504e3ebe5c7adf7fdbd144a9df573eba735
20200229,1,24,17,,,,,,,,,2020-02-29T00:00:00Z,5,,,,,,23,24,18,41,,,,2020-02-29T00:00:00Z,41,41,41,1,0,17,15,32,0ff0b275935578c3f03d12e8e0052dbf91aea71a
20200228,1,9,,,,,,,,,,2020-02-28T00:00:00Z,4,,,,,,,,,,,,,2020-02-28T00:00:00Z,9,9,9,2,0,0,7,7,eb94d2360fd1d83454d4c5ccaeaeb0c782185cbb
20200227,1,2,,,,,,,,,,2020-02-27T00:00:00Z,2,,,,,,,,,,,,,2020-02-27T00:00:00Z,2,2,2,0,0,0,0,0,56fb9548469c4bdf5ba53804c070eb04b5b5b66e
20200226,1,2,,,,,,,,,,2020-02-26T00:00:00Z,2,,,,,,,,,,,,,2020-02-26T00:00:00Z,2,2,2,2,0,0,0,0,4140ac8f979a65d317b8b96509b9ac42e7063346
20200225,1,2,,,,,,,,,,2020-02-25T00:00:00Z,,,,,,,,,,,,,,2020-02-25T00:00:00Z,2,2,2,0,0,0,0,0,a5a698bef9457367caf40954a8ea7f90afd7ee51
20200224,1,2,,,,,,,,,,2020-02-24T00:00:00Z,,,,,,,,,,,,,,2020-02-24T00:00:00Z,2,2,2,0,0,0,0,0,0428492cba6f46078e9dd46ec8fb70c8d887c792
20200223,1,2,,,,,,,,,,2020-02-23T00:00:00Z,,,,,,,,,,,,,,2020-02-23T00:00:00Z,2,2,2,0,0,0,0,0,3c4593f97fbd9e9427bda93667d72ad0cf523063
20200222,1,2,,,,,,,,,,2020-02-22T00:00:00Z,,,,,,,,,,,,,,2020-02-22T00:00:00Z,2,2,2,0,0,0,0,0,062d8f6dd050433cda860acd452769316b0d677c
20200221,1,2,,,,,,,,,,2020-02-21T00:00:00Z,,,,,,,,,,,,,,2020-02-21T00:00:00Z,2,2,2,0,0,0,0,0,2301438769747dbeec19125321e69c4b4b6fe7da
20200220,1,2,,,,,,,,,,2020-02-20T00:00:00Z,,,,,,,,,,,,,,2020-02-20T00:00:00Z,2,2,2,0,0,0,0,0,84e19d6aeaccf7239c25eb415ddb51a7cfa5d0bc
20200219,1,2,,,,,,,,,,2020-02-19T00:00:00Z,,,,,,,,,,,,,,2020-02-19T00:00:00Z,2,2,2,0,0,0,0,0,9cf87b2ca28acece6bf2749afe0b3873a2fc1a53
20200218,1,2,,,,,,,,,,2020-02-18T00:00:00Z,,,,,,,,,,,,,,2020-02-18T00:00:00Z,2,2,2,0,0,0,0,0,c723fbf84ad1b9c412b620d0b3c43cf10910829f
20200217,1,2,,,,,,,,,,2020-02-17T00:00:00Z,,,,,,,,,,,,,,2020-02-17T00:00:00Z,2,2,2,0,0,0,0,0,827a223be30787efd714fb67ab265f70061c35f5
20200216,1,2,,,,,,,,,,2020-02-16T00:00:00Z,,,,,,,,,,,,,,2020-02-16T00:00:00Z,2,2,2,0,0,0,0,0,94ae137931d83eb71c043a8a88ef326dc1978c70
20200215,1,2,,,,,,,,,,2020-02-15T00:00:00Z,,,,,,,,,,,,,,2020-02-15T00:00:00Z,2,2,2,0,0,0,0,0,898c32bbf795419d87cd4fb47c2dd637db2c84ca
20200214,1,2,,,,,,,,,,2020-02-14T00:00:00Z,,,,,,,,,,,,,,2020-02-14T00:00:00Z,2,2,2,0,0,0,0,0,1a091bcf63e78f6310a1ca2b0a6e40f9f497ebee
20200213,1,2,,,,,,,,,,2020-02-13T00:00:00Z,,,,,,,,,,,,,,2020-02-13T00:00:00Z,2,2,2,0,0,0,0,0,a14151f6d5ffb25811274c667b191acc8a34b73d
20200212,1,2,,,,,,,,,,2020-02-12T00:00:00Z,,,,,,,,,,,,,,2020-02-12T00:00:00Z,2,2,2,0,0,0,0,0,edca223dbba2c31d206b16b5b3fbcc5986843a11
20200211,1,2,,,,,,,,,,2020-02-11T00:00:00Z,,,,,,,,,,,,,,2020-02-11T00:00:00Z,2,2,2,0,0,0,0,0,09a76098e9129cbe519403769c87940a283e743f
20200210,1,2,,,,,,,,,,2020-02-10T00:00:00Z,,,,,,,,,,,,,,2020-02-10T00:00:00Z,2,2,2,0,0,0,0,0,69f6ed0382bd2910f649081102fc6cff2fea9458
20200209,1,2,,,,,,,,,,2020-02-09T00:00:00Z,,,,,,,,,,,,,,2020-02-09T00:00:00Z,2,2,2,0,0,0,0,0,2229554a721212ac4436e2802d18a9bc2bea5621
20200208,1,2,,,,,,,,,,2020-02-08T00:00:00Z,,,,,,,,,,,,,,2020-02-08T00:00:00Z,2,2,2,0,0,0,0,0,9494b0af15520c84efd1b80b1d09baee80fe6c35
20200207,1,2,,,,,,,,,,2020-02-07T00:00:00Z,,,,,,,,,,,,,,2020-02-07T00:00:00Z,2,2,2,0,0,0,1,1,f37dfa2623f40a6adff7f1b312cd6dba13ded8c7
20200206,1,1,,,,,,,,,,2020-02-06T00:00:00Z,,,,,,,,,,,,,,2020-02-06T00:00:00Z,1,1,1,0,0,0,0,0,a56d714a90d9869285880801b89b6cab96c3a197
20200205,1,1,,,,,,,,,,2020-02-05T00:00:00Z,,,,,,,,,,,,,,2020-02-05T00:00:00Z,1,1,1,0,0,0,0,0,a27e6ddeedf1b86769137ce9b205dc909374717d
20200204,1,1,,,,,,,,,,2020-02-04T00:00:00Z,,,,,,,,,,,,,,2020-02-04T00:00:00Z,1,1,1,0,0,0,0,0,b89636eeb14c44d384804aa6fb5bda629b9598bd
20200203,1,1,,,,,,,,,,2020-02-03T00:00:00Z,,,,,,,,,,,,,,2020-02-03T00:00:00Z,1,1,1,0,0,0,0,0,50c2821ad502ac84b7faf930d914d87081fcc6c1
20200202,1,1,,,,,,,,,,2020-02-02T00:00:00Z,,,,,,,,,,,,,,2020-02-02T00:00:00Z,1,1,1,0,0,0,0,0,3753991f32b2ffce27cc15d2ce4bd0262312c37e
20200201,1,1,,,,,,,,,,2020-02-01T00:00:00Z,,,,,,,,,,,,,,2020-02-01T00:00:00Z,1,1,1,0,0,0,0,0,a13c3886b5b6c39004f49fd2f8019229ea613774
20200131,1,1,,,,,,,,,,2020-01-31T00:00:00Z,,,,,,,,,,,,,,2020-01-31T00:00:00Z,1,1,1,0,0,0,0,0,7753a2562d7d28b49b0c5a76e1dfac4690dacdda
20200130,1,1,,,,,,,,,,2020-01-30T00:00:00Z,,,,,,,,,,,,,,2020-01-30T00:00:00Z,1,1,1,0,0,0,0,0,2c4dbc5ba8e0e3bca93cf63c41057f02b8fca926
20200129,1,1,,,,,,,,,,2020-01-29T00:00:00Z,,,,,,,,,,,,,,2020-01-29T00:00:00Z,1,1,1,0,0,0,0,0,d0304368a73a54cbaa3bfc635c6c818585c819b5
20200128,1,1,,,,,,,,,,2020-01-28T00:00:00Z,,,,,,,,,,,,,,2020-01-28T00:00:00Z,1,1,1,0,0,0,0,0,70c05f33ed199e09a271c6b9447b986008d14702
20200127,1,1,,,,,,,,,,2020-01-27T00:00:00Z,,,,,,,,,,,,,,2020-01-27T00:00:00Z,1,1,1,0,0,0,0,0,867089835d8e0eed62a64c126af9211a272824bf
20200126,1,1,,,,,,,,,,2020-01-26T00:00:00Z,,,,,,,,,,,,,,2020-01-26T00:00:00Z,1,1,1,0,0,0,0,0,27f9d5e7f6626bde3fe3661d9f5483ec51d3586c
20200125,1,1,,,,,,,,,,2020-01-25T00:00:00Z,,,,,,,,,,,,,,2020-01-25T00:00:00Z,1,1,1,0,0,0,0,0,0af47d87edd598331e830f03eb013c5fac5774b6
20200124,1,1,,,,,,,,,,2020-01-24T00:00:00Z,,,,,,,,,,,,,,2020-01-24T00:00:00Z,1,1,1,0,0,0,0,0,f5d5dfe38d20241799104eaaf3257c38e0f2e696
20200123,1,1,,,,,,,,,,2020-01-23T00:00:00Z,,,,,,,,,,,,,,2020-01-23T00:00:00Z,1,1,1,0,0,0,0,0,89232d3f9b235954d026717810fbfd6336e235c4
20200122,1,1,,,,,,,,,,2020-01-22T00:00:00Z,,,,,,,,,,,,,,2020-01-22T00:00:00Z,1,1,1,0,0,0,0,0,1dd68b4c6ec50f14dc9153fa23f2c5ab030aad1f
