date,state,positive,negative,pending,hospitalizedCurrently,hospitalizedCumulative,inIcuCurrently,inIcuCumulative,onVentilatorCurrently,onVentilatorCumulative,recovered,dataQualityGrade,lastUpdateEt,dateModified,checkTimeEt,death,hospitalized,dateChecked,totalTestsViral,positiveTestsViral,negativeTestsViral,positiveCasesViral,fips,positiveIncrease,negativeIncrease,total,totalTestResults,totalTestResultsIncrease,posNeg,deathIncrease,hospitalizedIncrease,hash,commercialScore,negativeRegularScore,negativeScore,positiveScore,score,grade
20200623,WA,28870,448334,,204,4062,,,37,,,B,6/22/2020 02:59,Invalid DateTime,Invalid DateTime,1276,4062,Invalid DateTime,,,,28870,53,190,2076,477204,477204,2266,477204,6,13,80757e3d17baad1cc37b434c17bbbb2dfb021a7d,0,0,0,0,0,
20200622,WA,28680,446258,,205,4049,,,42,,,B,6/22/2020 02:59,Invalid DateTime,Invalid DateTime,1270,4049,Invalid DateTime,,,,28680,53,425,8414,474938,474938,8839,474938,5,19,616a66c8a08a53a757f78891fd12f39969f2f944,0,0,0,0,0,
20200621,WA,28255,437844,,267,4030,,,54,,,B,6/21/2020 01:59,Invalid DateTime,Invalid DateTime,1265,4030,Invalid DateTime,,,,28255,53,654,9504,466099,466099,10158,466099,10,27,f7e6bcb28c4209d629f7737bb79b9f2bb54c4878,0,0,0,0,0,
20200620,WA,27601,428340,,245,4003,,,49,,,B,6/20/2020 01:59,Invalid DateTime,Invalid DateTime,1255,4003,Invalid DateTime,,,,27601,53,409,8633,455941,455941,9042,455941,10,44,61cb97e9beb3773885270b7347441c7de27faa31,0,0,0,0,0,
20200619,WA,27192,419707,,276,3959,,,47,,,B,6/18/2020 01:59,Invalid DateTime,Invalid DateTime,1245,3959,Invalid DateTime,,,,27192,53,408,11475,446899,446899,11883,446899,19,21,957ff520b84490832e40a158c02160e4fa9f4c66,0,0,0,0,0,
20200618,WA,26784,408232,,263,3938,,,47,,,B,6/17/2020 01:59,Invalid DateTime,Invalid DateTime,1226,3938,Invalid DateTime,,,,26784,53,253,-45263,435016,435016,-45010,435016,-5,23,61387d645011c81ea3a0978945d5de72b8c30dbd,0,0,0,0,0,
20200617,WA,26531,453495,,256,3915,,,47,,,B,6/16/2020 01:59,Invalid DateTime,Invalid DateTime,1231,3915,Invalid DateTime,,,,26531,53,373,8388,480026,480026,8761,480026,10,21,c89c6fead1bf58783a4f2258d7c7b7d50ca31c95,0,0,0,0,0,
20200616,WA,26158,445107,,235,3894,,,38,,,B,6/15/2020 01:59,Invalid DateTime,Invalid DateTime,1221,3894,Invalid DateTime,,,,26158,53,324,8339,471265,471265,8663,471265,4,38,d676e9aef0e2b8a0d9901c656f01d53d64f5c6ef,0,0,0,0,0,
20200615,WA,25834,436768,,197,3856,,,41,,,B,6/14/2020 01:59,Invalid DateTime,Invalid DateTime,1217,3856,Invalid DateTime,,,,25834,53,296,12160,462602,462602,12456,462602,4,11,f46dc4e755b43196e37c97bfe96a4ada23484af9,0,0,0,0,0,
20200614,WA,25538,424608,,229,3845,,,49,,,B,6/13/2020 01:59,Invalid DateTime,Invalid DateTime,1213,3845,Invalid DateTime,,,,25538,53,367,9917,450146,450146,10284,450146,9,28,670bfdbccb369243c0596d10243762d8890e2a0b,0,0,0,0,0,
20200613,WA,25171,414691,,225,3817,,,43,,,B,6/12/2020 01:59,Invalid DateTime,Invalid DateTime,1204,3817,Invalid DateTime,,,,25171,53,392,14258,439862,439862,14650,439862,10,45,eb66858ae47df2611ab36778ab0ab952db7caeff,0,0,0,0,0,
20200612,WA,24779,400433,,226,3772,,,8,,,B,6/12/2020 01:59,Invalid DateTime,Invalid DateTime,1194,3772,Invalid DateTime,,,,24779,53,137,9733,425212,425212,9870,425212,4,-1,a5db8ab0ddc637d81f00e080163251643b9b5538,0,0,0,0,0,
20200611,WA,24642,390700,,226,3773,,,63,,,B,6/11/2020 01:59,Invalid DateTime,Invalid DateTime,1190,3773,Invalid DateTime,,,,24642,53,288,0,415342,415342,288,415342,14,26,60689ba00664a56b91829b6fa4166b06e6400d53,0,0,0,0,0,
20200610,WA,24354,390700,,238,3747,,,92,,,B,6/10/2020 01:59,Invalid DateTime,Invalid DateTime,1176,3747,Invalid DateTime,,,,24354,53,313,4451,415054,415054,4764,415054,15,48,9524ea538ead35b4a839dae6d5fed925ecd25063,0,0,0,0,0,
20200609,WA,24041,386249,,205,3699,,,60,,,B,6/08/2020 01:59,Invalid DateTime,Invalid DateTime,1161,3699,Invalid DateTime,,,,24041,53,312,4922,410290,410290,5234,410290,2,30,e18098a8436ce82ef7a36f07e239554aff80b3c1,0,0,0,0,0,
20200608,WA,23729,381327,,213,3669,,,66,,,B,6/07/2020 01:59,Invalid DateTime,Invalid DateTime,1159,3669,Invalid DateTime,,,,23729,53,287,4181,405056,405056,4468,405056,6,17,48c8be4f660741c2a84187def684b351ab190698,0,0,0,0,0,
20200607,WA,23442,377146,,205,3652,,,57,,,B,6/06/2020 01:59,Invalid DateTime,Invalid DateTime,1153,3652,Invalid DateTime,,,,23442,53,273,-202,400588,400588,71,400588,4,13,a62ec4e3d0be369a736309848959e76979a22564,0,0,0,0,0,
20200606,WA,23169,377348,,247,3639,,,86,,,B,6/06/2020 01:59,Invalid DateTime,Invalid DateTime,1149,3639,Invalid DateTime,,,,22993,53,0,0,400517,400517,0,400517,11,24,ad63e4de495220574d991bb91246e8b1b0f901c4,0,0,0,0,0,
20200605,WA,23169,377348,,285,3615,,,91,,,B,6/04/2020 23:00,Invalid DateTime,Invalid DateTime,1138,3615,Invalid DateTime,,23421,377096,23169,53,22,1013,400517,400517,1035,400517,3,37,35c2ca3c3a5ecb73d1339f50a316651e52adfa21,0,0,0,0,0,
20200604,WA,23147,376335,,272,3578,,,94,,,B,6/04/2020 01:59,Invalid DateTime,Invalid DateTime,1135,3578,Invalid DateTime,,23401,376081,23147,53,70,2813,399482,399482,2883,399482,6,35,2a46c357173c9e53d0d6f1a9f53ac6b59a114568,0,0,0,0,0,
20200603,WA,23077,373522,,263,3543,,,89,,,B,6/02/2020 23:00,Invalid DateTime,Invalid DateTime,1129,3543,Invalid DateTime,,23340,373259,23077,53,197,5009,396599,396599,5206,396599,5,26,57ae120e9683447b5e4e2f720f15c56e1bb4cf28,0,0,0,0,0,
20200602,WA,22880,368513,,232,3517,,,48,,,B,6/01/2020 23:00,Invalid DateTime,Invalid DateTime,1124,3517,Invalid DateTime,,23118,368275,22880,53,277,6764,391393,391393,7041,391393,6,16,6f78a7cba2b90894453080e603e2f5196b724134,0,0,0,0,0,
20200601,WA,22603,361749,,245,3501,,,52,,,B,5/31/2020 23:00,Invalid DateTime,Invalid DateTime,1118,3501,Invalid DateTime,,22805,361547,22603,53,246,6669,384352,384352,6915,384352,0,21,bd9fd4230279bd3570ffda4ca93e66f1b64aba8e,0,0,0,0,0,
20200531,WA,22357,355080,,266,3480,,,67,,,B,5/31/2020 01:59,Invalid DateTime,Invalid DateTime,1118,3480,Invalid DateTime,,22455,354982,22357,53,84,2165,377437,377437,2249,377437,7,25,9ca3fc5051aac1db8a1296166a59c6a18b157f0a,0,0,0,0,0,
20200530,WA,22273,352915,,319,3455,,,88,,,B,5/30/2020 01:59,Invalid DateTime,Invalid DateTime,1111,3455,Invalid DateTime,,22369,352819,22273,53,114,3225,375188,375188,3339,375188,5,42,c045af45f4d847551df03e1efa1a0996ef93a076,0,0,0,0,0,
20200529,WA,22159,349690,,317,3413,,,85,,,B,5/29/2020 01:59,Invalid DateTime,Invalid DateTime,1106,3413,Invalid DateTime,,22235,349614,22159,53,207,6078,371849,371849,6285,371849,11,19,dffd5b0ebab528ef08491eb092c87922461b19da,0,0,0,0,0,
20200528,WA,21952,343612,,325,3394,,,94,,,B,5/27/2020 01:59,Invalid DateTime,Invalid DateTime,1095,3394,Invalid DateTime,,21923,343641,21952,53,194,6067,365564,365564,6261,365564,17,56,2a61ac52bb4862c8447020ac8f7eef71bc06ee42,0,0,0,0,0,
20200527,WA,21758,337545,,241,3338,,,53,,,B,5/26/2020 01:59,Invalid DateTime,Invalid DateTime,1078,3338,Invalid DateTime,,21652,337651,21758,53,236,6455,359303,359303,6691,359303,8,48,4b1a5b4313673d47eca6ceb7c86e7e5e4a8df885,0,0,0,0,0,
20200526,WA,21522,331090,,267,3290,,,51,,,B,5/25/2020 01:59,Invalid DateTime,Invalid DateTime,1070,3290,Invalid DateTime,,21337,331275,21522,53,243,7607,352612,352612,7850,352612,9,3,77f6ff6bb39fd9b47a798a8fc24b71c3db7436a8,0,0,0,0,0,
20200525,WA,21279,323483,,207,3287,,,47,,,B,5/24/2020 01:59,Invalid DateTime,Invalid DateTime,1061,3287,Invalid DateTime,,20970,323792,21279,53,209,2185,344762,344762,2394,344762,6,31,05c742565fa59c985e06fdc6f6a55ade3ea6f538,0,0,0,0,0,
20200524,WA,21070,321298,,313,3256,,,74,,,B,5/23/2020 01:59,Invalid DateTime,Invalid DateTime,1055,3256,Invalid DateTime,,20827,321541,21070,53,137,2125,342368,342368,2262,342368,5,26,443f91c72743f856966206e010d4354bc10802f3,0,0,0,0,0,
20200523,WA,20933,319173,,332,3230,,,96,,,B,5/22/2020 01:59,Invalid DateTime,Invalid DateTime,1050,3230,Invalid DateTime,,20731,319375,20933,53,186,2545,340106,340106,2731,340106,6,74,231114d0d142c5fc3e1e92d6773c287ae2847e16,0,0,0,0,0,
20200522,WA,20747,316628,,332,3156,,,85,,,B,5/21/2020 01:59,Invalid DateTime,Invalid DateTime,1044,3156,Invalid DateTime,,20588,316787,20747,53,265,5387,337375,337375,5652,337375,7,31,5d676207ac65a0beb0600d8a87f5a7c2c2de06e3,0,0,0,0,0,
20200521,WA,20482,311241,,242,3125,,,70,,,B,5/20/2020 01:59,Invalid DateTime,Invalid DateTime,1037,3125,Invalid DateTime,,20289,311434,20482,53,186,5612,331723,331723,5798,331723,6,3125,97f8d0fd34eb063e16ae57c1f2816d98e03bf63d,0,0,0,0,0,
20200520,WA,20296,305629,,168,,52,,,,,B,5/19/2020 01:59,Invalid DateTime,Invalid DateTime,1031,,Invalid DateTime,,20005,305920,20296,53,230,7026,325925,325925,7256,325925,29,0,e4a411e64e31ebd2bca5f7dccffb60c530c3d212,0,0,0,0,0,
20200519,WA,20066,298603,,168,,52,,,,,A,5/18/2020 01:59,Invalid DateTime,Invalid DateTime,1002,,Invalid DateTime,,19768,298901,20066,53,238,8121,318669,318669,8359,318669,1,0,1d0433008438efe10684d34b1fc70f108d2910cf,0,0,0,0,0,
20200518,WA,19828,290482,,168,,52,,,,,A,5/17/2020 01:59,Invalid DateTime,Invalid DateTime,1001,,Invalid DateTime,,19485,290825,19828,53,275,7884,310310,310310,8159,310310,1,0,cce1c459b1b567be5ed8f5faeafeafc9ee99aa9a,0,0,0,0,0,
20200517,WA,19553,282598,,168,,52,,,,,A,5/16/2020 23:00,Invalid DateTime,Invalid DateTime,1000,,Invalid DateTime,,19172,282979,19553,53,146,1778,302151,302151,1924,302151,8,0,da9738cf6a5cabcd44c9a1f462cb5e536e17dabe,0,0,0,0,0,
20200516,WA,19407,280820,,331,,90,,,,,A,5/15/2020 23:00,Invalid DateTime,Invalid DateTime,992,,Invalid DateTime,,19111,281116,19407,53,183,2857,300227,300227,3040,300227,9,0,f657f7ff14b6a63eefa1d946945f09898fbd17a0,0,0,0,0,0,
20200515,WA,19224,277963,,374,,114,,,,,A,5/14/2020 23:00,Invalid DateTime,Invalid DateTime,983,,Invalid DateTime,,18992,278195,19224,53,209,6295,297187,297187,6504,297187,8,0,5c89f9355d5b7a617dab151f49323e03347970b1,0,0,0,0,0,
20200514,WA,19015,271668,,365,,111,,,,,A,5/13/2020 23:00,Invalid DateTime,Invalid DateTime,975,,Invalid DateTime,,18736,271947,19015,53,235,5870,290683,290683,6105,290683,13,0,bf520f5d97c5c3ccb0b7de78a16b058076a64d26,0,0,0,0,0,
20200513,WA,18780,265798,,384,,114,,,,,A,5/12/2020 23:00,Invalid DateTime,Invalid DateTime,962,,Invalid DateTime,,18472,266106,18780,53,218,6424,284578,284578,6642,284578,17,0,a7d20805e4226ff04320e8eea129d206a0008662,0,0,0,0,0,
20200512,WA,18562,259374,,321,,94,,,,,A,5/11/2020 23:00,Invalid DateTime,Invalid DateTime,945,,Invalid DateTime,,18178,259758,18562,53,208,6226,277936,277936,6434,277936,14,0,191fe379fc043cae6c47c1a8c9a8eff7297a538f,0,0,0,0,0,
20200511,WA,18354,253148,,350,,110,,,,,B,5/10/2020 23:00,Invalid DateTime,Invalid DateTime,931,,Invalid DateTime,,17930,253572,18354,53,281,5784,271502,271502,6065,271502,10,0,471632722d5c28076681e75f103d9d30fbe37008,0,0,0,0,0,
20200510,WA,18073,247364,,335,,101,,,,,B,5/09/2020 23:00,Invalid DateTime,Invalid DateTime,921,,Invalid DateTime,,17639,247798,18073,53,167,1172,265437,265437,1339,265437,16,0,823912eceda01eebe69883b16f7ea23aad8ebf7c,0,0,0,0,0,
20200509,WA,17906,246192,,393,,128,,,,,B,5/08/2020 23:00,Invalid DateTime,Invalid DateTime,905,,Invalid DateTime,,17583,246515,17906,53,148,2192,264098,264098,2340,264098,14,0,9692116bcab5870acb39a0ab09cbea7b8b68d656,0,0,0,0,0,
20200508,WA,17758,244000,,393,,122,,,,,B,5/07/2020 23:00,Invalid DateTime,Invalid DateTime,891,,Invalid DateTime,,17459,244299,17758,53,205,6101,261758,261758,6306,261758,21,0,9732bfd125b7a77b80c3ac04fb0a6e32bf5cadfe,0,0,0,0,0,
20200507,WA,17553,237899,,358,,144,,,,,B,5/06/2020 23:00,Invalid DateTime,Invalid DateTime,870,,Invalid DateTime,,17213,238239,17553,53,197,5706,255452,255452,5903,255452,8,0,78b5c82feda300f796b5406c787dd8c3e91e1a79,0,0,0,0,0,
20200506,WA,17356,232193,,390,,127,,,,,B,5/05/2020 23:00,Invalid DateTime,Invalid DateTime,862,,Invalid DateTime,,16957,232592,17356,53,243,6978,249549,249549,7221,249549,21,0,960000531a6741023aa62f972b078729790d33cd,0,0,0,0,0,
20200505,WA,17113,225215,,292,,102,,,,,B,5/04/2020 23:00,Invalid DateTime,Invalid DateTime,841,,Invalid DateTime,,16673,225655,17113,53,260,6303,242328,242328,6563,242328,7,0,5abe7c5e9d4ab0670aa1b256927fa841b2ab1423,0,0,0,0,0,
20200504,WA,16853,218912,,263,,86,,,,,B,5/03/2020 23:00,Invalid DateTime,Invalid DateTime,834,,Invalid DateTime,,16421,219344,16853,53,259,6727,235765,235765,6986,235765,4,0,3864048496c5dd888406417b0e2ce0207123d4d1,0,0,0,0,0,
20200503,WA,16594,212185,,411,,120,,,,,B,5/02/2020 23:00,Invalid DateTime,Invalid DateTime,830,,Invalid DateTime,,16043,212736,16594,53,139,1363,228779,228779,1502,228779,6,0,ec49a96f65b67a0ac375a7583f8318743f6a52e4,0,0,0,0,0,
20200502,WA,16455,210822,,428,,117,,,,,B,5/01/2020 23:00,Invalid DateTime,Invalid DateTime,824,,Invalid DateTime,,15962,211315,16455,53,148,2612,227277,227277,2760,227277,10,0,63ccb5f81a7400a7c28d36ed3e7c56a479914ffe,0,0,0,0,0,
20200501,WA,16307,208210,,470,,120,,,,,B,4/30/2020 23:00,Invalid DateTime,Invalid DateTime,814,,Invalid DateTime,,15852,208665,16307,53,345,6434,224517,224517,6779,224517,13,0,211618deb4b050409dcde5f9805215b03ee7efb6,0,0,0,0,0,
20200430,WA,15962,201776,,474,,145,,,,,B,4/29/2020 23:00,Invalid DateTime,Invalid DateTime,801,,Invalid DateTime,,15544,202194,15962,53,261,6235,217738,217738,6496,217738,15,0,3a7e60013d0af9dadcfb86aba5ec587b647bb4a4,0,0,0,0,0,
20200429,WA,15701,195541,,490,,156,,,,,B,4/28/2020 23:00,Invalid DateTime,Invalid DateTime,786,,Invalid DateTime,,15300,195942,15701,53,242,6568,211242,211242,6810,211242,21,0,aa9cc66523cf17dfd2985b6bc0efd36401909552,0,0,0,0,0,
20200428,WA,15459,188973,,436,,158,,,,,B,4/27/2020 23:00,Invalid DateTime,Invalid DateTime,765,,Invalid DateTime,,14976,189456,15459,53,234,6695,204432,204432,6929,204432,16,0,6e367dd2de4360536cbaa75243a8d06688add949,0,0,0,0,0,
20200427,WA,15225,182278,,536,,115,,,,,B,4/26/2020 23:00,Invalid DateTime,Invalid DateTime,749,,Invalid DateTime,,14687,182816,15225,53,273,7022,197503,197503,7295,197503,11,0,3ea67e777134bb7325258cc71c47dddcc4e06f0a,0,0,0,0,0,
20200426,WA,14952,175256,,508,,145,,,,,B,4/25/2020 23:00,Invalid DateTime,Invalid DateTime,738,,Invalid DateTime,,14320,175888,14952,53,179,1577,190208,190208,1756,190208,73,0,6da5351456bcee5d59d44d11213cf227acbe72f0,0,0,0,0,0,
20200425,WA,14773,173679,,455,,174,,,,,B,4/24/2020 23:00,Invalid DateTime,Invalid DateTime,665,,Invalid DateTime,,14209,174243,14773,53,192,3258,188452,188452,3450,188452,6,0,d6c27546910257305522cd26655d35fd46e743b7,0,0,0,0,0,
20200424,WA,14581,170421,,551,,164,,,,,C,4/23/2020 23:00,Invalid DateTime,Invalid DateTime,659,,Invalid DateTime,,14043,170959,14581,53,287,6715,185002,185002,7002,185002,5,0,a758808dc39090c0d1d256d9dc5fa7fc6c2a064c,0,0,0,0,0,
20200423,WA,14294,163706,,544,,151,,,,,C,4/22/2020 23:00,Invalid DateTime,Invalid DateTime,654,,Invalid DateTime,,13693,164307,14294,53,254,5269,178000,178000,5523,178000,7,0,0e267e713dbea56e42b8878cb6d232dbc1ea4929,0,0,0,0,0,
20200422,WA,14040,158437,,543,,161,,,,,C,4/21/2020 23:00,Invalid DateTime,Invalid DateTime,647,,Invalid DateTime,,13423,159054,14040,53,238,5109,172477,172477,5347,172477,7,0,919953da0bbc549a21ae55ecf195be681f7c0ee3,0,0,0,0,0,
20200421,WA,13802,153328,,503,,161,,,,,C,4/20/2020 23:00,Invalid DateTime,Invalid DateTime,640,,Invalid DateTime,,13142,153988,13802,53,241,4920,167130,167130,5161,167130,11,0,b8bf880682a658d5a23074e831145965c6d1a841,0,0,0,0,0,
20200420,WA,13561,148408,,403,,122,,,,,C,4/19/2020 23:00,Invalid DateTime,Invalid DateTime,629,,Invalid DateTime,,12876,149093,13561,53,305,4545,161969,161969,4850,161969,14,0,730e7717038ef17dfca23ba42c404dc7c385a5d5,0,0,0,0,0,
20200419,WA,13256,143863,,586,,193,,,,,C,4/18/2020 23:00,Invalid DateTime,Invalid DateTime,615,,Invalid DateTime,,12542,144577,13256,53,174,1443,157119,157119,1617,157119,17,0,56a0ea09c3a7f177232c2027d4440e0cfea06e71,0,0,0,0,0,
20200418,WA,13082,142420,,518,,155,,,,,C,4/17/2020 23:00,Invalid DateTime,Invalid DateTime,598,,Invalid DateTime,,12446,143056,13082,53,233,2011,155502,155502,2244,155502,13,0,8afa3c375f839aea7173148b1c102dfeacd9cda3,0,0,0,0,0,
20200417,WA,12849,140409,,622,,195,,,,,C,4/16/2020 23:00,Invalid DateTime,Invalid DateTime,585,,Invalid DateTime,,12272,140986,12849,53,301,4147,153258,153258,4448,153258,14,0,8f1333ab16531d312ab265c0c94e9a66b8386ce7,0,0,0,0,0,
20200416,WA,12548,136262,,595,,196,,,,,C,4/15/2020 23:00,Invalid DateTime,Invalid DateTime,571,,Invalid DateTime,,11925,136885,12548,53,255,4092,148810,148810,4347,148810,20,0,2c4b081bad019b5d5bc61ac7f92a98763508e611,0,0,0,0,0,
20200415,WA,12293,132170,,645,,194,,,,,C,4/14/2020 23:00,Invalid DateTime,Invalid DateTime,551,,Invalid DateTime,,11616,132847,12293,53,312,3832,144463,144463,4144,144463,9,0,abc591ea493b56718fe5488015d52e48ec61bb06,0,0,0,0,0,
20200414,WA,11981,128338,,387,,98,,,,,C,4/13/2020 23:00,Invalid DateTime,Invalid DateTime,542,,Invalid DateTime,,11286,129033,11981,53,224,4066,140319,140319,4290,140319,16,0,6317e855421da72d9b3720e5f4d57fd01701e03d,0,0,0,0,0,
20200413,WA,11757,124272,,527,,166,,,,,C,4/12/2020 23:00,Invalid DateTime,Invalid DateTime,526,,Invalid DateTime,,10988,125041,11757,53,300,3900,136029,136029,4200,136029,17,0,81614b014e3ef00a848935d974963dee416ae057,0,0,0,0,0,
20200412,WA,11457,120372,,642,,191,,,,,C,4/11/2020 23:00,Invalid DateTime,Invalid DateTime,509,,Invalid DateTime,,10622,121207,11457,53,167,1264,131829,131829,1431,131829,15,0,fec5f42ff2adb2c6eb0a7e89539e5a6a7c1010f7,0,0,0,0,0,
20200411,WA,11290,119108,,649,,191,,,,,C,4/10/2020 23:00,Invalid DateTime,Invalid DateTime,494,,Invalid DateTime,,10533,119865,11290,53,210,1867,130398,130398,2077,130398,18,0,b1a477cbb6750b399ab7991265a4d3e599359101,0,0,0,0,0,
20200410,WA,11080,117241,,642,,191,,,,,C,4/09/2020 23:00,Invalid DateTime,Invalid DateTime,476,,Invalid DateTime,,10378,117943,11080,53,275,4028,128321,128321,4303,128321,17,0,9ea9befda40c1e238811e162306a29b39cf4975e,0,0,0,0,0,
20200409,WA,10805,113213,,650,,191,,,,,A,4/08/2020 23:00,Invalid DateTime,Invalid DateTime,459,,Invalid DateTime,,10071,113947,10805,53,287,4033,124018,124018,4320,124018,16,0,b456b06f27bc078e45a33f9692328ce46a7d2433,0,0,0,0,0,
20200408,WA,10518,109180,,655,,186,,,,,A,4/07/2020 23:00,Invalid DateTime,Invalid DateTime,443,,Invalid DateTime,,9708,109990,10518,53,282,4525,119698,119698,4807,119698,14,0,f80964d6106512b785397f43fc4a0726915d7a1a,0,0,0,0,0,
20200407,WA,10236,104655,,641,,190,,,,,A,4/06/2020 23:00,Invalid DateTime,Invalid DateTime,429,,Invalid DateTime,,9365,105526,10236,53,263,4978,114891,114891,5241,114891,22,0,19401e9053368e7fdccdae4491f3ad484b13f139,0,0,0,0,0,
20200406,WA,9973,99677,,638,,191,,,,,A,4/05/2020 23:00,Invalid DateTime,Invalid DateTime,407,,Invalid DateTime,,8954,100696,9973,53,324,4821,109650,109650,5145,109650,21,0,53d3f92df245ab9b5471e8e5e2d1fcef62ea60a0,0,0,0,0,0,
20200405,WA,9649,94856,,581,,178,,,,,A,4/04/2020 23:00,Invalid DateTime,Invalid DateTime,386,,Invalid DateTime,,8561,95944,9649,53,220,1737,104505,104505,1957,104505,21,0,c970ee407aabde6312317a1f4d5a634a5424dbbc,0,0,0,0,0,
20200404,WA,9429,93119,,574,,174,,,,,A,4/03/2020 23:00,Invalid DateTime,Invalid DateTime,365,,Invalid DateTime,,8391,94157,9429,53,244,2375,102548,102548,2619,102548,27,0,1b997143e0c036500aeeec2afdbcc7ef9fdee308,0,0,0,0,0,
20200403,WA,9185,90744,,,,,,,,,A,4/02/2020 23:00,Invalid DateTime,Invalid DateTime,338,,Invalid DateTime,,8183,91746,9185,53,281,4574,99929,99929,4855,99929,28,0,57988497793db505a6b8ef0dd19f3d361e80d520,0,0,0,0,0,
20200402,WA,8904,86170,,,,,,,,,A,4/01/2020 23:00,Invalid DateTime,Invalid DateTime,310,,Invalid DateTime,,7773,87301,8904,53,330,4584,95074,95074,4914,95074,28,0,976f18c8839985960f84f28f1754d97f38191179,0,0,0,0,0,
20200401,WA,8574,81586,,,,,,,,,A,3/31/2020 23:00,Invalid DateTime,Invalid DateTime,282,,Invalid DateTime,,7369,82791,8574,53,436,4266,90160,90160,4702,90160,20,0,420c8acfa6f2c896799f089c5ee5a35146109551,0,0,0,0,0,
20200331,WA,8138,77320,,,,,,,,,A,3/30/2020 23:00,Invalid DateTime,Invalid DateTime,262,,Invalid DateTime,,6922,78536,8138,53,307,4418,85458,85458,4725,85458,14,0,819dcf114adef5d7803fff9707a337f0a5f615c9,0,0,0,0,0,
20200330,WA,7831,72902,,,,,,,,,A,3/29/2020 23:00,Invalid DateTime,Invalid DateTime,248,,Invalid DateTime,,6454,74279,7831,53,402,4752,80733,80733,5154,80733,11,0,36121cf462df8fe209275d8932e06cabe562b135,0,0,0,0,0,
20200329,WA,7429,68150,,,,,,,,,A,3/28/2020 23:00,Invalid DateTime,Invalid DateTime,237,,Invalid DateTime,,5892,69687,7429,53,317,1519,75579,75579,1836,75579,17,0,598877ae38bfec0311158f24381b0f414122a888,0,0,0,0,0,
20200328,WA,7112,66631,,,,,,,,,A,3/27/2020 23:00,Invalid DateTime,Invalid DateTime,220,,Invalid DateTime,,5653,68090,7112,53,321,2283,73743,73743,2604,73743,21,0,55c1cb5d9e4b1415df62fdf2c397d4123f6a4435,0,0,0,0,0,
20200327,WA,6791,64348,,,,,,,,,A,3/26/2020 23:00,Invalid DateTime,Invalid DateTime,199,,Invalid DateTime,,5369,65770,6791,53,377,3981,71139,71139,4358,71139,16,0,47dbf4978aa959a0f12891dfc8ede87893797277,0,0,0,0,0,
20200326,WA,6414,60367,,,,,,,,,A,3/25/2020 23:00,Invalid DateTime,Invalid DateTime,183,,Invalid DateTime,,4918,61863,6414,53,369,4106,66781,66781,4475,66781,24,0,199ddeb563eb9897554934d2a4655659274ec25f,0,0,0,0,0,
20200325,WA,6045,56261,,,,,,,,,A,3/24/2020 23:00,Invalid DateTime,Invalid DateTime,159,,Invalid DateTime,62306,4486,57820,6045,53,405,4596,62306,62306,5001,62306,13,0,ee7a9da24f1bd750b7660bdfa773a7c81c199586,0,0,0,0,0,
20200324,WA,5640,51665,,,,,,,,,A,3/23/2020 23:00,Invalid DateTime,Invalid DateTime,146,,Invalid DateTime,57305,4047,53258,5640,53,354,4892,57305,57305,5246,57305,9,0,ac3991f897ddc55411ab637db49f238db13ad7b4,0,0,0,0,0,
20200323,WA,5286,46773,,,,,,,,,A,3/22/2020 23:00,Invalid DateTime,Invalid DateTime,137,,Invalid DateTime,52059,3613,48446,5286,53,448,4857,52059,52059,5305,52059,11,0,75bc34db1028f318b9380f24fba09c240e767a58,0,0,0,0,0,
20200322,WA,4838,41916,,,,,,,,,,3/21/2020 23:00,Invalid DateTime,Invalid DateTime,126,,Invalid DateTime,46754,3150,43604,4838,53,283,1605,46754,46754,1888,46754,15,0,3f3e13fa6a6fcb66687f208ea93f7aa13a4e9fcb,0,0,0,0,0,
20200321,WA,4555,40311,,,,,,,,,,3/20/2020 23:00,Invalid DateTime,Invalid DateTime,111,,Invalid DateTime,44866,2967,41899,4555,53,285,2060,44866,44866,2345,44866,7,0,c9e2acfdfc85820cdc671657ef7b05ac08d8c7db,0,0,0,0,0,
20200320,WA,4270,38251,,,,,,,,,,3/19/2020 23:00,Invalid DateTime,Invalid DateTime,104,,Invalid DateTime,42521,2773,39748,4270,53,403,3663,42521,42521,4066,42521,12,0,bd2d8c38d70cc363b067ae99eaf9bc7fdf1486fb,0,0,0,0,0,
20200319,WA,3867,34588,,,,,,,,,,3/18/2020 23:00,Invalid DateTime,Invalid DateTime,92,,Invalid DateTime,38455,2469,35986,3867,53,335,4216,38455,38455,4551,38455,10,0,74aac5c0a6177d95eb4a88d2bb4436fb8a10a5e7,0,0,0,0,0,
20200318,WA,3532,30372,,,,,,,,,,3/17/2020 23:00,Invalid DateTime,Invalid DateTime,82,,Invalid DateTime,33904,2136,31768,3532,53,378,4364,33904,33904,4742,33904,4,0,3b7a155df417251e370be902b2c90df34f8ef490,0,0,0,0,0,
20200317,WA,3154,26008,,,,,,,,,,3/16/2020 23:00,Invalid DateTime,Invalid DateTime,78,,Invalid DateTime,29162,1847,27315,3154,53,324,4317,29162,29162,4641,29162,9,0,37bc248c7e3984cda5549a65e4851b4f16e16dac,0,0,0,0,0,
20200316,WA,2830,21691,,,,,,,,,,3/15/2020 23:00,Invalid DateTime,Invalid DateTime,69,,Invalid DateTime,24521,1582,22939,2830,53,368,4531,24521,24521,4899,24521,12,0,8d16b48e96a97dd02bb83586cca1a2d8a5f26071,0,0,0,0,0,
20200315,WA,2462,17160,,,,,,,,,,3/14/2020 23:00,Invalid DateTime,Invalid DateTime,57,,Invalid DateTime,19622,1282,18340,2462,53,254,1436,19622,19622,1690,19622,6,0,45454cce0ede3e3b25b890e7db2ec6650c71d3b3,0,0,0,0,0,
20200314,WA,2208,15724,,,,,,,,,,3/13/2020 23:00,Invalid DateTime,Invalid DateTime,51,,Invalid DateTime,17932,1175,16757,2208,53,265,2069,17932,17932,2334,17932,4,0,ffb253eea010c9bc76bf86a4f9f1ff6687c7d26c,0,0,0,0,0,
20200313,WA,1943,13655,,,,,,,,,,3/12/2020 23:00,Invalid DateTime,Invalid DateTime,47,,Invalid DateTime,15598,1019,14579,1943,53,297,3937,15598,15598,4234,15598,3,0,3da5d3115d02cb7ba3834b618902cb6e7584b34d,0,0,0,0,0,
20200312,WA,1646,9718,,,,,,,,,,3/11/2020 23:00,Invalid DateTime,Invalid DateTime,44,,Invalid DateTime,11364,803,10561,1646,53,256,3508,11364,11364,3764,11364,4,0,47c8bb13a590d72291d0241207871f25298008c1,0,0,0,0,0,
20200311,WA,1390,6210,,,,,,,,,,3/10/2020 23:00,Invalid DateTime,Invalid DateTime,40,,Invalid DateTime,7600,623,6977,1390,53,212,2054,7600,7600,2266,7600,3,0,76c5221e11baeae50123d44b26c0f4fdb3719f0c,0,0,0,0,0,
20200310,WA,1178,4156,,,,,,,,,,3/09/2020 23:00,Invalid DateTime,Invalid DateTime,37,,Invalid DateTime,5334,489,4845,1178,53,216,1567,5334,5334,1783,5334,2,0,0b8d52e0a18477cf0eb2e04da12b5770eefc76a5,0,0,0,0,0,
20200309,WA,962,2589,,,,,,,,,,3/08/2020 23:00,Invalid DateTime,Invalid DateTime,35,,Invalid DateTime,3551,379,3172,962,53,173,851,3551,3551,1024,3551,4,0,3915fdd21624286b67c946fb026111568012474a,0,0,0,0,0,
20200308,WA,789,1738,60,,,,,,,,,3/07/2020 23:00,Invalid DateTime,Invalid DateTime,31,,Invalid DateTime,2527,318,2209,789,53,153,370,2587,2527,523,2527,4,0,7085d77d49d7701247707eecf2abbc12ef32ff1a,0,0,0,0,0,
20200307,WA,636,1368,66,,,,,,,,,3/06/2020 23:00,Invalid DateTime,Invalid DateTime,27,,Invalid DateTime,2004,257,1747,636,53,99,305,2070,2004,404,2004,1,0,b077b1f564654541556e0f87868c1de314b002fa,0,0,0,0,0,
20200306,WA,537,1063,,,,,,,,,,3/05/2020 23:00,Invalid DateTime,Invalid DateTime,26,,Invalid DateTime,1600,219,1381,537,53,81,394,1600,1600,475,1600,6,0,11d967d242f45ffa7642176ecdb1a9d74b2d0326,0,0,0,0,0,
20200305,WA,456,669,,,,,,,,,,3/04/2020 23:00,Invalid DateTime,Invalid DateTime,20,,Invalid DateTime,1125,180,945,456,53,105,256,1125,1125,361,1125,4,0,30debf5722bb1bd32e9686a6a236f0ea9e572f07,0,0,0,0,0,
20200304,WA,351,413,,,,,,,,,,3/03/2020 23:00,Invalid DateTime,Invalid DateTime,16,,Invalid DateTime,764,129,635,351,53,93,151,764,764,244,764,2,0,9f500d736fb0527814a01ba313c776d8d15f440b,0,0,0,0,0,
20200303,WA,258,262,,,,,,,,,,3/02/2020 23:00,Invalid DateTime,Invalid DateTime,14,,Invalid DateTime,520,91,429,258,53,84,140,520,520,224,520,3,0,264f84fcfb118c0d614c5af6db823dfaba2764aa,0,0,0,0,0,
20200302,WA,174,122,,,,,,,,,,3/01/2020 23:00,Invalid DateTime,Invalid DateTime,11,,Invalid DateTime,296,66,230,174,53,72,108,296,296,180,296,3,0,1c0623fcfda21eeb21f59cb86415a786f3f28aba,0,0,0,0,0,
20200301,WA,102,14,,,,,,,,,,2/29/2020 23:00,Invalid DateTime,Invalid DateTime,8,,Invalid DateTime,116,35,81,102,53,78,-3,116,116,75,116,3,0,3a9e2b22604bfb43a92f94cfecbbf0cdb221d7be,0,0,0,0,0,
20200229,WA,24,17,,,,,,,,,,2/28/2020 23:00,Invalid DateTime,Invalid DateTime,5,,Invalid DateTime,41,18,23,24,53,15,17,41,41,32,41,1,0,3c1cf0e62a4eb47568eb5e1a682a0cf2c09d2b10,0,0,0,0,0,
20200228,WA,9,,,,,,,,,,,,,,4,,,,,,,53,7,0,9,9,7,9,2,0,2c2f89629ed17483b54e7605f509001b261300bb,0,0,0,0,0,
20200227,WA,2,,,,,,,,,,,,,,2,,,,,,,53,0,0,2,2,0,2,0,0,bc585d6877b694742a51aaa25cc66277bbeb7580,0,0,0,0,0,
20200226,WA,2,,,,,,,,,,,,,,2,,,,,,,53,0,0,2,2,0,2,2,0,5546a352b0375604ff177b2a47d75215dfc1eb64,0,0,0,0,0,
20200225,WA,2,,,,,,,,,,,,,,,,,,,,,53,0,0,2,2,0,2,0,0,3a89ec2b7ea25df57e0f9faa3dd27283f8bf271a,0,0,0,0,0,
20200224,WA,2,,,,,,,,,,,,,,,,,,,,,53,0,0,2,2,0,2,0,0,3ab8f6e50db3b2524bd71902bce32b2e7b0118ac,0,0,0,0,0,
20200223,WA,2,,,,,,,,,,,,,,,,,,,,,53,0,0,2,2,0,2,0,0,213ff93f785228e4b83ca31548043c0cc60e62de,0,0,0,0,0,
20200222,WA,2,,,,,,,,,,,,,,,,,,,,,53,0,0,2,2,0,2,0,0,04d32dce1d243912e2a093c722de0525885aeacb,0,0,0,0,0,
20200221,WA,2,,,,,,,,,,,,,,,,,,,,,53,0,0,2,2,0,2,0,0,45119e6892f0d6e73a616ab82bd8701be671392e,0,0,0,0,0,
20200220,WA,2,,,,,,,,,,,,,,,,,,,,,53,0,0,2,2,0,2,0,0,4efdce3ecd7669b518424e872adfd877cf1fcff9,0,0,0,0,0,
20200219,WA,2,,,,,,,,,,,,,,,,,,,,,53,0,0,2,2,0,2,0,0,b6cdf989462b4c723358f93d1caa9ed3d6e03f64,0,0,0,0,0,
20200218,WA,2,,,,,,,,,,,,,,,,,,,,,53,0,0,2,2,0,2,0,0,760a4dd3988d54812a08592165419b03d651596a,0,0,0,0,0,
20200217,WA,2,,,,,,,,,,,,,,,,,,,,,53,0,0,2,2,0,2,0,0,bc689e6d3b8ef52d20103ea3a5c0aea8c94078c0,0,0,0,0,0,
20200216,WA,2,,,,,,,,,,,,,,,,,,,,,53,0,0,2,2,0,2,0,0,55a96bc82be4562696b9a30fdc1124644dc30866,0,0,0,0,0,
20200215,WA,2,,,,,,,,,,,,,,,,,,,,,53,0,0,2,2,0,2,0,0,2e017dcd81acfb7118008eeedf090a6fd4385673,0,0,0,0,0,
20200214,WA,2,,,,,,,,,,,,,,,,,,,,,53,0,0,2,2,0,2,0,0,dce9aeeb69bc20e83a1f66f943a774499fb00997,0,0,0,0,0,
20200213,WA,2,,,,,,,,,,,,,,,,,,,,,53,0,0,2,2,0,2,0,0,8b8506311d25c47dc8b9f2d1c6ba4f854ee5c81e,0,0,0,0,0,
20200212,WA,2,,,,,,,,,,,,,,,,,,,,,53,0,0,2,2,0,2,0,0,543dbab6ebbf3cf00d7e9250d530d408a404c8fd,0,0,0,0,0,
20200211,WA,2,,,,,,,,,,,,,,,,,,,,,53,0,0,2,2,0,2,0,0,eece2aadd6edaacc3c2a352ec8864a6dd36c44ce,0,0,0,0,0,
20200210,WA,2,,,,,,,,,,,,,,,,,,,,,53,0,0,2,2,0,2,0,0,bde8b1fef7b6e5c38ee60018de0e0eb75f520dd1,0,0,0,0,0,
20200209,WA,2,,,,,,,,,,,,,,,,,,,,,53,0,0,2,2,0,2,0,0,be1bf9d23e41e17bf5fd12e3948b79e2b4031ab4,0,0,0,0,0,
20200208,WA,2,,,,,,,,,,,,,,,,,,,,,53,0,0,2,2,0,2,0,0,4e7a2b7a2f7f43b74e80faae88833f7f93be7e70,0,0,0,0,0,
20200207,WA,2,,,,,,,,,,,,,,,,,,,,,53,1,0,2,2,1,2,0,0,efa09e5efcfbe7fe212e37518b4209bec7216724,0,0,0,0,0,
20200206,WA,1,,,,,,,,,,,,,,,,,,,,,53,0,0,1,1,0,1,0,0,9a72ee2b4bd97e02b696cab80bec0f678bf81bea,0,0,0,0,0,
20200205,WA,1,,,,,,,,,,,,,,,,,,,,,53,0,0,1,1,0,1,0,0,6dc09d8f4cd21218bf22993735ecba7e697205fc,0,0,0,0,0,
20200204,WA,1,,,,,,,,,,,,,,,,,,,,,53,0,0,1,1,0,1,0,0,d69fa11ca017beb3c82132d906cf01116d767ef2,0,0,0,0,0,
20200203,WA,1,,,,,,,,,,,,,,,,,,,,,53,0,0,1,1,0,1,0,0,31be41a412b05a0cbecc378b34e0548beff05604,0,0,0,0,0,
20200202,WA,1,,,,,,,,,,,,,,,,,,,,,53,0,0,1,1,0,1,0,0,a0c82b576405e45a40c0ac13481852754f2c656b,0,0,0,0,0,
20200201,WA,1,,,,,,,,,,,,,,,,,,,,,53,0,0,1,1,0,1,0,0,5950fdaba20e64febca8c353da2723bd5c1b7cc0,0,0,0,0,0,
20200131,WA,1,,,,,,,,,,,,,,,,,,,,,53,0,0,1,1,0,1,0,0,5111287fb020f920854a6d5d23f043dfa997a220,0,0,0,0,0,
20200130,WA,1,,,,,,,,,,,,,,,,,,,,,53,0,0,1,1,0,1,0,0,7b47a553f4f0ff35f8c9ee54c1b4f1466527dbf4,0,0,0,0,0,
20200129,WA,1,,,,,,,,,,,,,,,,,,,,,53,0,0,1,1,0,1,0,0,d68f600645fd2c7025db4e0e338a1389aebe1fad,0,0,0,0,0,
20200128,WA,1,,,,,,,,,,,,,,,,,,,,,53,0,0,1,1,0,1,0,0,9516e80bf66e36f7913d44561fab1b5dc991af4c,0,0,0,0,0,
20200127,WA,1,,,,,,,,,,,,,,,,,,,,,53,0,0,1,1,0,1,0,0,18c5b1ac19acf22dd4287e155d82ceb977f0dac9,0,0,0,0,0,
20200126,WA,1,,,,,,,,,,,,,,,,,,,,,53,0,0,1,1,0,1,0,0,5372bd69fec11b6097c548b149e4e79fca8d21d2,0,0,0,0,0,
20200125,WA,1,,,,,,,,,,,,,,,,,,,,,53,0,0,1,1,0,1,0,0,4a8a13ff65ef1f0bb991324d98609c765c5b5849,0,0,0,0,0,
20200124,WA,1,,,,,,,,,,,,,,,,,,,,,53,0,0,1,1,0,1,0,0,488430e6f0d933476ca2120fe0ee2ecf4aac5b94,0,0,0,0,0,
20200123,WA,1,,,,,,,,,,,,,,,,,,,,,53,0,0,1,1,0,1,0,0,7ed011fe93129bbc13213e7028e7e1e299d67691,0,0,0,0,0,
20200122,WA,1,,,,,,,,,,,,,,,,,,,,,53,0,0,1,1,0,1,0,0,2d109d8ba4c74e86fa7202b7c9f26c7617945c58,0,0,0,0,0,
